{
  "cam_id": "cam1",
  "generated_at": "2026-04-23T23:20:52",
  "source_image": "test_cam1.jpg",
  "markers_used": [
    0,
    22,
    24,
    27
  ],
  "reprojection_error": {
    "mean_m": 3.892088495975596e-16,
    "max_m": 5.221444816638264e-16,
    "per_marker_m": {
      "0": 4.1864225708986483e-16,
      "22": 1.1102230246251565e-16,
      "24": 5.050263571740315e-16,
      "27": 5.221444816638264e-16
    }
  },
  "homography": [
    [
      0.007935884663091983,
      0.006396596689647422,
      -2.467401657032967
    ],
    [
      0.0039740678928976685,
      -0.007583751337162884,
      1.1186545637946148
    ],
    [
      0.0005350657761520637,
      0.0023505909200219523,
      1.0
    ]
  ]
}