{
  "cam_id": "cam1",
  "generated_at": "2026-04-25T18:15:29",
  "source_image": "test_cam1.jpg",
  "markers_used": [
    22,
    24,
    27,
    38
  ],
  "reprojection_error": {
    "mean_m": 5.1228602669806484e-08,
    "max_m": 9.047348965969505e-08,
    "per_marker_m": {
      "22": 9.047348965969505e-08,
      "24": 8.583068966672164e-08,
      "27": 2.8610228852699074e-08,
      "38": 2.500110209501203e-15
    }
  },
  "homography": [
    [
      0.01914106496425109,
      -0.00554504388936522,
      -35.16067010176238
    ],
    [
      -0.004015330307833753,
      -0.02819977041850346,
      36.92969948644789
    ],
    [
      0.0014830532926774758,
      0.0060511300569973635,
      1.0
    ]
  ]
}