{
  "cam_id": "cam1",
  "generated_at": "2026-05-17T21:17:21",
  "source_image": "test_cam1.jpg",
  "markers_used": [
    30,
    31,
    32,
    33
  ],
  "reprojection_error": {
    "mean_m": 2.7165694856253277e-07,
    "max_m": 4.577638870298991e-07,
    "per_marker_m": {
      "30": 1.6209050031046556e-15,
      "31": 4.577638870298991e-07,
      "32": 3.051761125024251e-07,
      "33": 3.23687793096902e-07
    }
  },
  "homography": [
    [
      -0.04016795634447952,
      0.04274896630289748,
      -7.050754020136229
    ],
    [
      -0.04301538817263833,
      -0.060876795336504926,
      81.72063408713419
    ],
    [
      -6.389503130518377e-06,
      0.00993997257328143,
      1.0
    ]
  ]
}