{
  "cam_id": "cam1",
  "generated_at": "2026-04-26T04:50:17",
  "source_image": "test_cam1.jpg",
  "markers_used": [
    22,
    24,
    27,
    38
  ],
  "reprojection_error": {
    "mean_m": 5.12286029624273e-08,
    "max_m": 9.04734916257618e-08,
    "per_marker_m": {
      "22": 9.04734916257618e-08,
      "24": 8.583068833445395e-08,
      "27": 2.861023107314509e-08,
      "38": 8.163483681439037e-16
    }
  },
  "homography": [
    [
      0.009427572794913104,
      0.001003611162689295,
      -21.568330309510735
    ],
    [
      0.0017517320623213423,
      -0.011836424186467378,
      12.881575793681444
    ],
    [
      0.00029937434754610933,
      0.003213711050293824,
      1.0
    ]
  ]
}