{
  "cam_id": "cam1",
  "generated_at": "2026-04-24T01:49:31",
  "source_image": "test_cam1.jpg",
  "markers_used": [
    0,
    22,
    24,
    27
  ],
  "reprojection_error": {
    "mean_m": 7.438218450299343e-16,
    "max_m": 1.0977727985842244e-15,
    "per_marker_m": {
      "0": 8.881784197001252e-16,
      "22": 6.280369834735101e-16,
      "24": 3.6129917836187755e-16,
      "27": 1.0977727985842244e-15
    }
  },
  "homography": [
    [
      0.009400672043530435,
      0.007585933614257599,
      -3.259368312943155
    ],
    [
      0.004860309285175799,
      -0.009630612842848359,
      0.8796934791849464
    ],
    [
      0.0006448533321766817,
      0.002173475073665726,
      1.0
    ]
  ]
}