{
  "cam_id": "cam1",
  "generated_at": "2026-05-14T21:27:01",
  "source_image": "test_cam1.jpg",
  "markers_used": [
    30,
    31,
    32,
    33,
    38,
    40,
    41,
    42,
    43
  ],
  "reprojection_error": {
    "mean_m": 0.004508586992648795,
    "max_m": 0.0075700175245124535,
    "per_marker_m": {
      "30": 0.0075700175245124535,
      "31": 0.0014881404749764616,
      "32": 0.004956493613629593,
      "33": 0.006161827588437845,
      "38": 0.005892005190494322,
      "40": 0.0005270369285650169,
      "41": 0.005161632968352109,
      "42": 0.006099347128976978,
      "43": 0.0027207815158943748
    }
  },
  "homography": [
    [
      -0.18133413807371668,
      0.2923066085695429,
      -30.098920576421097
    ],
    [
      -0.22631722906699553,
      -0.2070105926033895,
      381.1104287195776
    ],
    [
      -5.2811152206865844e-05,
      0.03618952855681233,
      1.0
    ]
  ]
}