{
  "cam_id": "cam2",
  "generated_at": "2026-04-25T18:15:29",
  "source_image": "test_cam2.jpg",
  "markers_used": [
    22,
    24,
    27,
    38
  ],
  "reprojection_error": {
    "mean_m": 5.122860244581809e-08,
    "max_m": 9.047349036186174e-08,
    "per_marker_m": {
      "22": 9.047349036186174e-08,
      "24": 8.583068877854316e-08,
      "27": 2.861022974087748e-08,
      "38": 9.01989975006713e-16
    }
  },
  "homography": [
    [
      0.0055306814054009055,
      -0.005607283640932772,
      -3.9572714875763273
    ],
    [
      -0.0011994368812167585,
      -0.004313844691335995,
      4.646189616080785
    ],
    [
      -0.0005161116405472359,
      0.0012096813320571554,
      1.0
    ]
  ]
}