{
  "cam_id": "cam2",
  "generated_at": "2026-05-14T21:27:01",
  "source_image": "test_cam2.jpg",
  "markers_used": [
    30,
    31,
    32,
    33,
    38,
    40,
    41,
    42,
    43
  ],
  "reprojection_error": {
    "mean_m": 0.005733099285866176,
    "max_m": 0.008193490627544287,
    "per_marker_m": {
      "30": 0.008193490627544287,
      "31": 0.0035460262412714636,
      "32": 0.006931590431146318,
      "33": 0.007809006794501485,
      "38": 0.005352038724074108,
      "40": 0.0032537961913886443,
      "41": 0.005827596058229794,
      "42": 0.0077869310437626614,
      "43": 0.002897417460876829
    }
  },
  "homography": [
    [
      0.012772043699167016,
      -0.04349935420216419,
      1.7799747808670656
    ],
    [
      0.02056745967380512,
      0.03256883451887503,
      -26.837857152860455
    ],
    [
      1.5024673489401976e-06,
      0.0033552632032090236,
      1.0
    ]
  ]
}