{
  "cam_id": "cam2",
  "generated_at": "2026-05-17T21:17:21",
  "source_image": "test_cam2.jpg",
  "markers_used": [
    30,
    31,
    32,
    33
  ],
  "reprojection_error": {
    "mean_m": 2.716569511125882e-07,
    "max_m": 4.5776389235640227e-07,
    "per_marker_m": {
      "30": 5.750942738759022e-15,
      "31": 4.5776389235640227e-07,
      "32": 3.0517611073395776e-07,
      "33": 3.2368779560904994e-07
    }
  },
  "homography": [
    [
      0.017165542553593566,
      -0.05723185343009902,
      -3.8509752747395427
    ],
    [
      0.020507055990839258,
      0.05315307524151119,
      -29.027329707349477
    ],
    [
      4.975034904889987e-06,
      0.004294817899838307,
      0.9999999999999999
    ]
  ]
}