{
  "cam_id": "cam2",
  "generated_at": "2026-04-23T23:41:07",
  "source_image": "test_cam2.jpg",
  "markers_used": [
    0,
    22,
    24,
    27
  ],
  "reprojection_error": {
    "mean_m": 3.1795479631073794e-16,
    "max_m": 4.608001153357976e-16,
    "per_marker_m": {
      "0": 4.608001153357976e-16,
      "22": 2.482534153247273e-16,
      "24": 1.704058161924264e-16,
      "27": 3.9235983839000048e-16
    }
  },
  "homography": [
    [
      -0.006145729697386382,
      0.008645896287705885,
      1.2056930220900066
    ],
    [
      0.005594640818341566,
      0.011966315083675022,
      -2.600225875341292
    ],
    [
      0.0004714469521026578,
      0.0021162194947390196,
      1.0
    ]
  ]
}