{
  "cam_id": "cam2",
  "generated_at": "2026-04-26T04:53:40",
  "source_image": "test_cam2.jpg",
  "markers_used": [
    22,
    24,
    27,
    38
  ],
  "reprojection_error": {
    "mean_m": 5.122860168339953e-08,
    "max_m": 9.04734890979617e-08,
    "per_marker_m": {
      "22": 9.04734890979617e-08,
      "24": 8.583068744627553e-08,
      "27": 2.861022885269906e-08,
      "38": 1.3366618530438673e-15
    }
  },
  "homography": [
    [
      0.00462324215821132,
      -0.010948130637395085,
      -1.5754967344052309
    ],
    [
      -0.004107809912273978,
      -0.003771000976938105,
      7.899403450473457
    ],
    [
      -0.00021581262983764646,
      0.0018417024289681294,
      1.0
    ]
  ]
}