{
  "cam_id": "cam2",
  "generated_at": "2026-04-24T01:49:31",
  "source_image": "test_cam2.jpg",
  "markers_used": [
    0,
    22,
    24,
    27
  ],
  "reprojection_error": {
    "mean_m": 4.625152935460623e-16,
    "max_m": 7.388752710634874e-16,
    "per_marker_m": {
      "0": 5.057461140603912e-16,
      "22": 2.220446049250313e-16,
      "24": 3.833951841353393e-16,
      "27": 7.388752710634874e-16
    }
  },
  "homography": [
    [
      -0.006932317631177812,
      0.009919413846238167,
      1.3174221514535067
    ],
    [
      0.005947417444488378,
      0.012906636196960253,
      -2.731154036735828
    ],
    [
      7.774973342815429e-05,
      0.003637920898740125,
      1.0
    ]
  ]
}