{
  "forklift": {
    "accuracy": 0.9208333333333333,
    "f1_macro": 0.8425104647455264,
    "f1_per_class": [
      0.9550425273390036,
      0.5957446808510638,
      0.9767441860465116
    ],
    "support_per_class": [
      393,
      65,
      22
    ]
  },
  "dropzone": {
    "accuracy": 0.9229166666666667,
    "f1_macro": 0.8560267517859858,
    "f1_per_class": [
      1.0,
      0.7131782945736435,
      0.8549019607843137
    ],
    "support_per_class": [
      288,
      82,
      110
    ]
  }
}